{
  "0": -1.0983468294143677,
  "1": 0.4105341136455536,
  "2": 0.5460925102233887,
  "3": -0.6640943288803101,
  "4": 0.5973590016365051,
  "5": 0.17873305082321167,
  "6": 0.11976126581430435,
  "7": 0.24117405712604523,
  "8": 0.5203540921211243,
  "9": 0.4309532344341278,
  "10": -1.0831400156021118,
  "11": -0.4221287667751312,
  "12": -0.12696067988872528,
  "13": -0.35263603925704956,
  "14": -0.4806618094444275,
  "15": 0.6671105623245239,
  "16": 0.8129084706306458,
  "17": 0.03937913849949837,
  "18": 0.04175060614943504,
  "19": -1.1073777675628662,
  "20": 0.7585246562957764,
  "21": -0.6083817481994629,
  "22": -0.017305437475442886,
  "23": 0.035751521587371826,
  "24": -0.6982080936431885,
  "25": 0.26287540793418884,
  "26": 0.46890702843666077,
  "27": 0.7610954642295837,
  "28": -0.7065374851226807,
  "29": -0.27638933062553406,
  "30": 0.739242672920227,
  "31": 0.19884538650512695,
  "32": -0.4510612189769745,
  "33": -0.7007465362548828,
  "34": -0.4217418432235718,
  "35": -0.2214985489845276,
  "36": 0.12789613008499146,
  "37": -0.4404127299785614,
  "38": -0.5250369310379028,
  "39": 0.9998903870582581,
  "40": -0.24939276278018951,
  "41": 0.29739832878112793,
  "42": 0.5766100287437439,
  "43": -0.1220509484410286,
  "44": 0.0414622537791729,
  "45": 0.48265188932418823,
  "46": 0.31496715545654297,
  "47": -0.12871053814888,
  "48": -0.4144061207771301,
  "49": -0.35559386014938354,
  "50": 0.37121522426605225,
  "51": -0.5220081806182861,
  "52": 0.9501835107803345,
  "53": 0.6375038027763367,
  "54": 0.8975090384483337,
  "55": 0.3899495601654053,
  "56": -0.06240860000252724,
  "57": 0.38890889286994934,
  "58": -0.7292203903198242,
  "59": -0.008471814915537834,
  "60": -0.1237875297665596,
  "61": -0.21852274239063263,
  "62": 0.5608243346214294,
  "63": -0.7748171091079712,
  "64": -0.015146167017519474,
  "65": -0.2707016170024872,
  "66": -0.4593208432197571,
  "67": -0.37657201290130615,
  "68": 0.516769528388977,
  "69": 0.13304859399795532,
  "70": 0.7599793672561646,
  "71": 0.013606815598905087,
  "72": 0.047486938536167145,
  "73": 0.03311457484960556,
  "74": 0.5523427128791809,
  "75": -0.7703343033790588,
  "76": 0.25003156065940857,
  "77": 0.1364217847585678,
  "78": 0.1507139354944229,
  "79": -0.33725792169570923,
  "80": -0.08238517493009567,
  "81": -0.1789492666721344,
  "82": -0.37454941868782043,
  "83": 0.5036128759384155,
  "84": -0.21574632823467255,
  "85": -0.7975044250488281,
  "86": -0.4936223328113556,
  "87": 0.31935006380081177,
  "88": 0.2683742046356201,
  "89": 0.10123629122972488,
  "90": 0.31094682216644287,
  "91": -0.26561662554740906,
  "92": 0.3036167621612549,
  "93": -0.36715731024742126,
  "94": 0.29872870445251465,
  "95": 0.6835671663284302,
  "96": -0.5068331956863403,
  "97": -0.09201420098543167,
  "98": -0.9724095463752747,
  "99": -0.38363030552864075,
  "100": 0.4133930206298828,
  "101": -0.31310930848121643,
  "102": -0.10369347780942917,
  "103": 0.7769994735717773,
  "104": -0.5056225657463074,
  "105": -0.08732495456933975,
  "106": -0.2762950360774994,
  "107": -0.24969299137592316,
  "108": -1.068886160850525,
  "109": 0.8173831105232239,
  "110": -0.5703815817832947,
  "111": -0.017150267958641052,
  "112": -0.8126553297042847,
  "113": -0.17746980488300323,
  "114": -0.6126830577850342,
  "115": -0.3317965269088745,
  "116": 0.6224340796470642,
  "117": -0.3883779048919678,
  "118": 0.20680245757102966,
  "119": -0.35478392243385315,
  "120": -0.34771668910980225,
  "121": 0.07678282260894775,
  "122": 0.10167083144187927,
  "123": 0.4706033170223236,
  "124": 0.06668201833963394,
  "125": 0.29706308245658875,
  "126": -0.29407811164855957,
  "127": -0.08266560733318329,
  "128": 0.6521220803260803,
  "129": -0.3201855421066284,
  "130": 0.7106276750564575,
  "131": -0.30255722999572754,
  "132": 0.21786120533943176,
  "133": -0.7362606525421143,
  "134": 0.8501541018486023,
  "135": 0.12959571182727814,
  "136": 0.1337418407201767,
  "137": -0.30358651280403137,
  "138": -0.04798088222742081,
  "139": 0.6059122681617737,
  "140": 0.38586074113845825,
  "141": -0.5016326308250427,
  "142": -0.008544235490262508,
  "143": -0.5055467486381531,
  "144": -0.2657914161682129,
  "145": -0.4677915871143341,
  "146": 0.4035976827144623,
  "147": 0.029438914731144905,
  "148": 0.6446982026100159,
  "149": 0.8014002442359924
}