{
  "0": -0.1757630705833435,
  "1": 0.1926596462726593,
  "2": 0.4842618703842163,
  "3": -0.7249508500099182,
  "4": 0.47246280312538147,
  "5": -0.42477431893348694,
  "6": 0.34594830870628357,
  "7": 1.146849274635315,
  "8": -0.4261486828327179,
  "9": 0.28056564927101135,
  "10": 0.40269941091537476,
  "11": 0.4132015109062195,
  "12": 0.5920284986495972,
  "13": 0.6901571750640869,
  "14": 0.2141445279121399,
  "15": -1.1502126455307007,
  "16": 0.46617016196250916,
  "17": 0.5411329865455627,
  "18": 0.01336089987307787,
  "19": 0.13610507547855377,
  "20": -0.39358654618263245,
  "21": -0.12932027876377106,
  "22": -0.07661628723144531,
  "23": 0.6447286009788513,
  "24": 0.1434246301651001,
  "25": 0.9553238153457642,
  "26": 0.04046386107802391,
  "27": 0.46543455123901367,
  "28": 0.7810467481613159,
  "29": -0.09173619002103806,
  "30": 0.5499926805496216,
  "31": -0.7206823825836182,
  "32": 0.8589164614677429,
  "33": -0.6369233727455139,
  "34": 0.7634130716323853,
  "35": -0.053761329501867294,
  "36": 1.0302801132202148,
  "37": 0.8997576832771301,
  "38": -1.11135733127594,
  "39": 0.1717805415391922,
  "40": 0.9043886065483093,
  "41": 0.7830824255943298,
  "42": -0.5535127520561218,
  "43": -0.18382035195827484,
  "44": -0.32708653807640076,
  "45": -0.48504894971847534,
  "46": -1.16452956199646,
  "47": 0.11917401105165482,
  "48": 1.1448887586593628,
  "49": 1.1414403915405273,
  "50": 0.21221409738063812,
  "51": 0.5204185843467712,
  "52": -0.14368842542171478,
  "53": -0.5332400798797607,
  "54": -0.12238439172506332,
  "55": 0.7495406270027161,
  "56": 0.16497421264648438,
  "57": -0.21945413947105408,
  "58": -0.4046854078769684,
  "59": -0.42790722846984863,
  "60": -0.5892582535743713,
  "61": -0.27041593194007874,
  "62": -1.1197068691253662,
  "63": 0.40429648756980896,
  "64": 0.48559942841529846,
  "65": -0.5113893151283264,
  "66": -0.1268453299999237,
  "67": -0.16829848289489746,
  "68": 0.17931295931339264,
  "69": 0.3235069215297699,
  "70": 0.39863789081573486,
  "71": -0.2283095270395279,
  "72": 0.6728633642196655,
  "73": 0.27857670187950134,
  "74": -0.40638071298599243,
  "75": 1.0196830034255981,
  "76": -0.4242757558822632,
  "77": 0.06733164191246033,
  "78": 1.1154382228851318,
  "79": 0.5342603921890259,
  "80": 0.07022102177143097,
  "81": -0.806479275226593,
  "82": -0.7431619763374329,
  "83": -0.24578188359737396,
  "84": -0.026016732677817345,
  "85": 0.7702233791351318,
  "86": -0.11961067467927933,
  "87": 0.42333951592445374,
  "88": -0.36091503500938416,
  "89": 0.06493304669857025
}